{
  "type": "object",
  "properties": {
    "School_Options": {
      "type": "array",
      "items": {
        "$ref": "#/definitions/School_Option"
      }
    },
    "Powerplant_Options": {
      "type": "array",
      "items": {
        "$ref": "#/definitions/Powerplant_Option"
      }
    },
    "Waterpump_Options": {
      "type": "array",
      "items": {
        "$ref": "#/definitions/Waterpump_Option"
      }
    },
    "Transformerstation_Options": {
      "type": "array",
      "items": {
        "$ref": "#/definitions/Transformerstation_Option"
      }
    },
    "Serverfarm_Options": {
      "type": "array",
      "items": {
        "$ref": "#/definitions/Serverfarm_Option"
      }
    },
    "Garbagetruck_Options": {
      "type": "array",
      "items": {
        "$ref": "#/definitions/Garbagetruck_Option"
      }
    },
    "Transportbus_Options": {
      "type": "array",
      "items": {
        "$ref": "#/definitions/Transportbus_Option"
      }
    },
    "Parkinghall_Options": {
      "type": "array",
      "items": {
        "$ref": "#/definitions/Parkinghall_Option"
      }
    },
    "Citypark_Options": {
      "type": "array",
      "items": {
        "$ref": "#/definitions/Citypark_Option"
      }
    },
    "Wastewater_Options": {
      "type": "array",
      "items": {
        "$ref": "#/definitions/Wastewater_Option"
      }
    },
    "IncinerationPlant_Options": {
      "type": "array",
      "items": {
        "$ref": "#/definitions/IncinerationPlant_Option"
      }
    },
    "Healthcare_Options": {
      "type": "array",
      "items": {
        "$ref": "#/definitions/Healthcare_Option"
      }
    },
    "Postoffice_Options": {
      "type": "array",
      "items": {
        "$ref": "#/definitions/Postoffice_Option"
      }
    },
    "Cemetery_Options": {
      "type": "array",
      "items": {
        "$ref": "#/definitions/Cemetery_Option"
      }
    },
    "Crematorium_Options": {
      "type": "array",
      "items": {
        "$ref": "#/definitions/Crematorium_Option"
      }
    },
    "Windturbine_Options": {
      "type": "array",
      "items": {
        "$ref": "#/definitions/Windturbine_Option"
      }
    },
    "Emergencybattery_Options": {
      "type": "array",
      "items": {
        "$ref": "#/definitions/Emergencybattery_Option"
      }
    },
    "Geothermalpowerplant_Options": {
      "type": "array",
      "items": {
        "$ref": "#/definitions/Geothermalpowerplant_Option"
      }
    },
    "Solarpowerstation_Options": {
      "type": "array",
      "items": {
        "$ref": "#/definitions/Solarpowerstation_Option"
      }
    },
    "SignatureResidentialbuilding_Options": {
      "type": "array",
      "items": {
        "$ref": "#/definitions/SignatureResidentialbuilding_Option"
      }
    },
    "SignatureCommercialbuilding_Options": {
      "type": "array",
      "items": {
        "$ref": "#/definitions/SignatureCommercialbuilding_Option"
      }
    },
    "PostVan_Options": {
      "type": "array",
      "items": {
        "$ref": "#/definitions/PostVan_Option"
      }
    },
    "SignatureOfficebuilding_Options": {
      "type": "array",
      "items": {
        "$ref": "#/definitions/SignatureOfficebuilding_Option"
      }
    },
    "SignatureMixedbuilding_Options": {
      "type": "array",
      "items": {
        "$ref": "#/definitions/SignatureMixedbuilding_Option"
      }
    },
    "FireStation_Options": {
      "type": "array",
      "items": {
        "$ref": "#/definitions/FireStation_Option"
      }
    },
    "FireHelicopterDepot_Options": {
      "type": "array",
      "items": {
        "$ref": "#/definitions/FireHelicopterDepot_Option"
      }
    },
    "FirewatchTower_Options": {
      "type": "array",
      "items": {
        "$ref": "#/definitions/FirewatchTower_Option"
      }
    },
    "PoliceStation_Options": {
      "type": "array",
      "items": {
        "$ref": "#/definitions/PoliceStation_Option"
      }
    },
    "Prison_Options": {
      "type": "array",
      "items": {
        "$ref": "#/definitions/Prison_Option"
      }
    },
    "DiseaseControlCenter_Options": {
      "type": "array",
      "items": {
        "$ref": "#/definitions/DiseaseControlCenter_Option"
      }
    },
    "HeathResearchInstitute_Options": {
      "type": "array",
      "items": {
        "$ref": "#/definitions/HeathResearchInstitute_Option"
      }
    },
    "RadioTelescope_Options": {
      "type": "array",
      "items": {
        "$ref": "#/definitions/RadioTelescope_Option"
      }
    },
    "GeologicalResearchCenter_Options": {
      "type": "array",
      "items": {
        "$ref": "#/definitions/GeologicalResearchCenter_Option"
      }
    },
    "TechnicalUniversity_Options": {
      "type": "array",
      "items": {
        "$ref": "#/definitions/TechnicalUniversity_Option"
      }
    },
    "EarlyDisasterWarningSystem_Options": {
      "type": "array",
      "items": {
        "$ref": "#/definitions/EarlyDisasterWarningSystem_Option"
      }
    },
    "WelfareOffice_Options": {
      "type": "array",
      "items": {
        "$ref": "#/definitions/WelfareOffice_Option"
      }
    },
    "CityHall_Options": {
      "type": "array",
      "items": {
        "$ref": "#/definitions/CityHall_Option"
      }
    },
    "LargeEmergencyShelter_Options": {
      "type": "array",
      "items": {
        "$ref": "#/definitions/LargeEmergencyShelter_Option"
      }
    },
    "CentralBank_Options": {
      "type": "array",
      "items": {
        "$ref": "#/definitions/CentralBank_Option"
      }
    },
    "MedicalUniversity_Options": {
      "type": "array",
      "items": {
        "$ref": "#/definitions/MedicalUniversity_Option"
      }
    },
    "LargeHadronCollider_Options": {
      "type": "array",
      "items": {
        "$ref": "#/definitions/LargeHadronCollider_Option"
      }
    }
  },
  "definitions": {
    "School_Option": {
      "type": "object",
      "properties": {
        "Name": {
          "type": "string"
        },
        "UpkeepCost": {
          "type": "integer"
        },
        "AirPollution": {
          "type": "integer"
        },
        "GroundPollution": {
          "type": "integer"
        },
        "NoisePollution": {
          "type": "integer"
        },
        "GarbageAccumulation": {
          "type": "integer"
        },
        "Waterconsumption": {
          "type": "integer"
        },
        "Electricityconsumption": {
          "type": "integer"
        }
      }
    },
    "Powerplant_Option": {
      "type": "object",
      "properties": {
        "Name": {
          "type": "string"
        },
        "UpkeepCost": {
          "type": "integer"
        },
        "Waterconsumption": {
          "type": "integer"
        },
        "GarbageAccumulation": {
          "type": "integer"
        },
        "AirPollution": {
          "type": "integer"
        },
        "GroundPollution": {
          "type": "integer"
        },
        "NoisePollution": {
          "type": "integer"
        },
        "Production": {
          "type": "integer"
        }
      }
    },
    "Waterpump_Option": {
      "type": "object",
      "properties": {
        "Name": {
          "type": "string"
        },
        "UpkeepCost": {
          "type": "integer"
        },
        "Capacity": {
          "type": "integer"
        },
        "GarbageAccumulation": {
          "type": "integer"
        },
        "ElectricityConsumption": {
          "type": "integer"
        },
        "NoisePollution": {
          "type": "integer"
        }
      }
    },
    "Transformerstation_Option": {
      "type": "object",
      "properties": {
        "Name": {
          "type": "string"
        },
        "UpkeepCost": {
          "type": "integer"
        },
        "GarbageAccumulation": {
          "type": "integer"
        },
        "NoisePollution": {
          "type": "integer"
        }
      }
    },
    "Serverfarm_Option": {
      "type": "object",
      "properties": {
        "Name": {
          "type": "string"
        },
        "UpkeepCost": {
          "type": "integer"
        },
        "Electricityconsumption": {
          "type": "integer"
        },
        "Waterconsumption": {
          "type": "integer"
        },
        "GarbageAccumulation": {
          "type": "integer"
        },
        "Range": {
          "type": "integer"
        },
        "Capacity": {
          "type": "integer"
        },
        "NoisePollution": {
          "type": "integer"
        }
      }
    },
    "Garbagetruck_Option": {
      "type": "object",
      "properties": {
        "Name": {
          "type": "string"
        },
        "Capacity": {
          "type": "integer"
        },
        "Unloadrate": {
          "type": "integer"
        }
      }
    },
    "Transportbus_Option": {
      "type": "object",
      "properties": {
        "Name": {
          "type": "string"
        },
        "Passengercapacity": {
          "type": "integer"
        },
        "Maintenancerange": {
          "type": "integer"
        }
      }
    },
    "Parkinghall_Option": {
      "type": "object",
      "properties": {
        "Name": {
          "type": "string"
        },
        "GarageCapacity": {
          "type": "integer"
        },
        "Comfortfactor": {
          "type": "number"
        },
        "Electricityconsumption": {
          "type": "integer"
        },
        "Waterconsumption": {
          "type": "integer"
        },
        "GarbageAccumulation": {
          "type": "integer"
        },
        "Noisepollution": {
          "type": "integer"
        },
        "Upkeep": {
          "type": "integer"
        }
      }
    },
    "Citypark_Option": {
      "type": "object",
      "properties": {
        "Name": {
          "type": "string"
        },
        "Range": {
          "type": "integer"
        },
        "Capacity": {
          "type": "integer"
        },
        "Magnitude": {
          "type": "integer"
        },
        "Attractiveness": {
          "type": "integer"
        },
        "Electricityconsumption": {
          "type": "integer"
        },
        "Efficiency": {
          "type": "integer"
        },
        "Waterconsumption": {
          "type": "integer"
        },
        "GarbageAccumulation": {
          "type": "integer"
        },
        "Upkeep": {
          "type": "integer"
        }
      }
    },
    "Wastewater_Option": {
      "type": "object",
      "properties": {
        "Name": {
          "type": "string"
        },
        "UpkeepCost": {
          "type": "integer"
        },
        "Capacity": {
          "type": "integer"
        },
        "Purification": {
          "type": "number"
        },
        "GarbageAccumulation": {
          "type": "integer"
        },
        "GroundPollution": {
          "type": "integer"
        },
        "AirPollution": {
          "type": "integer"
        },
        "NoisePollution": {
          "type": "integer"
        },
        "ElectricityConsumption": {
          "type": "integer"
        }
      }
    },
    "IncinerationPlant_Option": {
      "type": "object",
      "properties": {
        "Name": {
          "type": "string"
        },
        "UpkeepCost": {
          "type": "integer"
        },
        "Electricityconsumption": {
          "type": "integer"
        },
        "Waterconsumption": {
          "type": "integer"
        },
        "Garbagecapacity": {
          "type": "integer"
        },
        "Vehiclecapacity": {
          "type": "integer"
        },
        "Transportcapacity": {
          "type": "integer"
        },
        "Processingspeed": {
          "type": "integer"
        },
        "Electricityproduction": {
          "type": "integer"
        },
        "Productionperunit": {
          "type": "number"
        },
        "ProductionCapacity": {
          "type": "integer"
        },
        "CityIndustrialGroundPollution": {
          "type": "number"
        },
        "AirPollution": {
          "type": "integer"
        },
        "GroundPollution": {
          "type": "integer"
        },
        "NoisePollution": {
          "type": "integer"
        }
      }
    },
    "Healthcare_Option": {
      "type": "object",
      "properties": {
        "Name": {
          "type": "string"
        },
        "UpkeepCost": {
          "type": "integer"
        },
        "Waterconsumption": {
          "type": "integer"
        },
        "Electricityconsumption": {
          "type": "integer"
        },
        "GarbageAccumulation": {
          "type": "integer"
        },
        "NoisePollution": {
          "type": "integer"
        },
        "Ambulancecapacity": {
          "type": "integer"
        },
        "Helicoptercapacity": {
          "type": "integer"
        },
        "Patientcapacity": {
          "type": "integer"
        },
        "Treatmentbonus": {
          "type": "integer"
        },
        "Capacity": {
          "type": "integer"
        },
        "Range": {
          "type": "integer"
        },
        "Magnitude": {
          "type": "integer"
        }
      }
    },
    "Postoffice_Option": {
      "type": "object",
      "properties": {
        "Name": {
          "type": "string"
        },
        "Mailstoragecapacity": {
          "type": "integer"
        },
        "Mailboxcapacity": {
          "type": "integer"
        },
        "Postvancapacity": {
          "type": "integer"
        },
        "PostTruckscapacity": {
          "type": "integer"
        },
        "Upkeep": {
          "type": "integer"
        },
        "GarbageAccumulation": {
          "type": "integer"
        },
        "Electricityconsumption": {
          "type": "integer"
        },
        "Waterconsumption": {
          "type": "integer"
        },
        "Range": {
          "type": "integer"
        },
        "Capacity": {
          "type": "integer"
        },
        "Magnitude": {
          "type": "integer"
        },
        "Noisepollution": {
          "type": "integer"
        }
      }
    },
    "Cemetery_Option": {
      "type": "object",
      "properties": {
        "Name": {
          "type": "string"
        },
        "Upkeep": {
          "type": "integer"
        },
        "GarbageAccumulation": {
          "type": "integer"
        },
        "Electricityconsumption": {
          "type": "integer"
        },
        "Waterconsumption": {
          "type": "integer"
        },
        "Hearsecapacity": {
          "type": "integer"
        },
        "Storagecapacity": {
          "type": "integer"
        },
        "Efficiency": {
          "type": "integer"
        }
      }
    },
    "Crematorium_Option": {
      "type": "object",
      "properties": {
        "Name": {
          "type": "string"
        },
        "Upkeep": {
          "type": "integer"
        },
        "GarbageAccumulation": {
          "type": "integer"
        },
        "Electricityconsumption": {
          "type": "integer"
        },
        "Waterconsumption": {
          "type": "integer"
        },
        "Hearsecapacity": {
          "type": "integer"
        },
        "Storagecapacity": {
          "type": "integer"
        },
        "Processingrate": {
          "type": "integer"
        },
        "Airpollution": {
          "type": "integer"
        },
        "Noisepollution": {
          "type": "integer"
        }
      }
    },
    "Windturbine_Option": {
      "type": "object",
      "properties": {
        "Name": {
          "type": "string"
        },
        "Upkeep": {
          "type": "integer"
        },
        "Maximumwind": {
          "type": "number"
        },
        "Production": {
          "type": "integer"
        },
        "Noisepollution": {
          "type": "integer"
        }
      }
    },
    "Emergencybattery_Option": {
      "type": "object",
      "properties": {
        "Name": {
          "type": "string"
        },
        "Upkeep": {
          "type": "integer"
        },
        "GarbageAccumulation": {
          "type": "integer"
        },
        "Waterconsumption": {
          "type": "integer"
        },
        "Poweroutput": {
          "type": "integer"
        },
        "Capacity": {
          "type": "integer"
        },
        "Noisepollution": {
          "type": "integer"
        }
      }
    },
    "Geothermalpowerplant_Option": {
      "type": "object",
      "properties": {
        "Name": {
          "type": "string"
        },
        "Upkeep": {
          "type": "integer"
        },
        "GarbageAccumulation": {
          "type": "integer"
        },
        "Production": {
          "type": "integer"
        },
        "Maximumgroundwater": {
          "type": "integer"
        },
        "AirPollution": {
          "type": "integer"
        },
        "GroundPollution": {
          "type": "integer"
        },
        "NoisePollution": {
          "type": "integer"
        }
      }
    },
    "Solarpowerstation_Option": {
      "type": "object",
      "properties": {
        "Name": {
          "type": "string"
        },
        "Upkeep": {
          "type": "integer"
        },
        "Waterconsumption": {
          "type": "integer"
        },
        "GarbageAccumulation": {
          "type": "integer"
        },
        "Production": {
          "type": "integer"
        },
        "Poweroutput": {
          "type": "integer"
        },
        "Capacity": {
          "type": "integer"
        },
        "NoisePollution": {
          "type": "integer"
        }
      }
    },
    "SignatureResidentialbuilding_Option": {
      "type": "object",
      "properties": {
        "Name": {
          "type": "string"
        },
        "Wellbeing": {
          "type": "number"
        },
        "Radius": {
          "type": "number"
        }
      }
    },
    "SignatureCommercialbuilding_Option": {
      "type": "object",
      "properties": {
        "Name": {
          "type": "string"
        },
        "Attractiveness": {
          "type": "integer"
        },
        "Wellbeing": {
          "type": "number"
        },
        "Radius": {
          "type": "number"
        },
        "CityImportcost": {
          "type": "number"
        },
        "CityAttractiveness": {
          "type": "number"
        },
        "Noisepollution": {
          "type": "integer"
        }
      }
    },
    "PostVan_Option": {
      "type": "object",
      "properties": {
        "Name": {
          "type": "string"
        },
        "MailCapacity": {
          "type": "integer"
        }
      }
    },
    "SignatureOfficebuilding_Option": {
      "type": "object",
      "properties": {
        "Name": {
          "type": "string"
        },
        "Attractiveness": {
          "type": "integer"
        },
        "Wellbeing": {
          "type": "number"
        },
        "Radius": {
          "type": "number"
        },
        "CrimeAccumulation": {
          "type": "number"
        },
        "CrimeRadius": {
          "type": "number"
        },
        "CityOfficeEfficency": {
          "type": "number"
        },
        "CityUniversityInterest": {
          "type": "number"
        },
        "CityUniversityGraduation": {
          "type": "number"
        },
        "Noisepollution": {
          "type": "integer"
        }
      }
    },
    "SignatureMixedbuilding_Option": {
      "type": "object",
      "properties": {
        "Name": {
          "type": "string"
        },
        "Attractiveness": {
          "type": "integer"
        },
        "Wellbeing": {
          "type": "number"
        },
        "Radius": {
          "type": "number"
        },
        "CityAttractiveness": {
          "type": "number"
        },
        "Noisepollution": {
          "type": "integer"
        }
      }
    },
    "FireStation_Option": {
      "type": "object",
      "properties": {
        "Name": {
          "type": "string"
        },
        "Upkeep": {
          "type": "integer"
        },
        "ElectricityConsumption": {
          "type": "integer"
        },
        "WaterConsumption": {
          "type": "integer"
        },
        "GarbageAccumulation": {
          "type": "integer"
        },
        "Noisepollution": {
          "type": "integer"
        },
        "FireEngineCapacity": {
          "type": "integer"
        },
        "FireHelicopterCapacity": {
          "type": "integer"
        },
        "VehicleEfficiency": {
          "type": "integer"
        },
        "DisasterResponseCapacity": {
          "type": "integer"
        },
        "Range": {
          "type": "integer"
        },
        "Capacity": {
          "type": "integer"
        },
        "Magnitude": {
          "type": "integer"
        }
      }
    },
    "FireHelicopterDepot_Option": {
      "type": "object",
      "properties": {
        "Name": {
          "type": "string"
        },
        "Upkeep": {
          "type": "integer"
        },
        "ElectricityConsumption": {
          "type": "integer"
        },
        "WaterConsumption": {
          "type": "integer"
        },
        "GarbageAccumulation": {
          "type": "integer"
        },
        "Noisepollution": {
          "type": "integer"
        },
        "FireEngineCapacity": {
          "type": "integer"
        },
        "FireHelicopterCapacity": {
          "type": "integer"
        },
        "VehicleEfficiency": {
          "type": "integer"
        },
        "DisasterResponseCapacity": {
          "type": "integer"
        }
      }
    },
    "FirewatchTower_Option": {
      "type": "object",
      "properties": {
        "Name": {
          "type": "string"
        },
        "Upkeep": {
          "type": "integer"
        },
        "ElectricityConsumption": {
          "type": "integer"
        },
        "ForestFireResponseTime": {
          "type": "number"
        },
        "ForestResponseRadius": {
          "type": "number"
        },
        "ForestFireHazard": {
          "type": "number"
        },
        "ForestFireHazardRadius": {
          "type": "number"
        }
      }
    },
    "PoliceStation_Option": {
      "type": "object",
      "properties": {
        "Name": {
          "type": "string"
        },
        "Upkeep": {
          "type": "integer"
        },
        "ElectricityConsumption": {
          "type": "integer"
        },
        "WaterConsumption": {
          "type": "integer"
        },
        "GarbageAccumulation": {
          "type": "integer"
        },
        "PatrolCarCapacity": {
          "type": "integer"
        },
        "PoliceHelicopterCapacity": {
          "type": "integer"
        },
        "JailCapacity": {
          "type": "integer"
        },
        "Range": {
          "type": "integer"
        },
        "Capacity": {
          "type": "integer"
        },
        "Magnitude": {
          "type": "integer"
        },
        "Noisepollution": {
          "type": "integer"
        }
      }
    },
    "Prison_Option": {
      "type": "object",
      "properties": {
        "Name": {
          "type": "string"
        },
        "UpkeepCost": {
          "type": "integer"
        },
        "Electricityconsumption": {
          "type": "integer"
        },
        "Waterconsumption": {
          "type": "integer"
        },
        "GarbageAccumulation": {
          "type": "integer"
        },
        "NoisePollution": {
          "type": "integer"
        },
        "PrisonVanCapacity": {
          "type": "integer"
        },
        "PrisonerCapacity": {
          "type": "integer"
        },
        "CrimeAccumulation": {
          "type": "number"
        },
        "CrimeAccumlationRadius": {
          "type": "number"
        }
      }
    },
    "DiseaseControlCenter_Option": {
      "type": "object",
      "properties": {
        "Name": {
          "type": "string"
        },
        "Upkeep": {
          "type": "integer"
        },
        "Electricityconsumption": {
          "type": "integer"
        },
        "Waterconsumption": {
          "type": "integer"
        },
        "GarbageAccumulation": {
          "type": "integer"
        },
        "AmbulanceCapacity": {
          "type": "integer"
        },
        "MedicalHelicopterCapacity": {
          "type": "integer"
        },
        "PatientCapacity": {
          "type": "integer"
        },
        "TreatmentBonus": {
          "type": "integer"
        },
        "CityDiseaseprobability": {
          "type": "number"
        },
        "CityPollutionhealthAffect": {
          "type": "number"
        }
      }
    },
    "HeathResearchInstitute_Option": {
      "type": "object",
      "properties": {
        "Name": {
          "type": "string"
        },
        "Upkeep": {
          "type": "integer"
        },
        "Electricityconsumption": {
          "type": "integer"
        },
        "Waterconsumption": {
          "type": "integer"
        },
        "GarbageAccumulation": {
          "type": "integer"
        },
        "CityDiseaseprobability": {
          "type": "number"
        },
        "CityParkEntertainment": {
          "type": "number"
        }
      }
    },
    "RadioTelescope_Option": {
      "type": "object",
      "properties": {
        "Name": {
          "type": "string"
        },
        "Upkeep": {
          "type": "integer"
        },
        "Electricityconsumption": {
          "type": "integer"
        },
        "Waterconsumption": {
          "type": "integer"
        },
        "GarbageAccumulation": {
          "type": "integer"
        },
        "CityUniversityGraduation": {
          "type": "number"
        }
      }
    },
    "GeologicalResearchCenter_Option": {
      "type": "object",
      "properties": {
        "Name": {
          "type": "string"
        },
        "Upkeep": {
          "type": "integer"
        },
        "Electricityconsumption": {
          "type": "integer"
        },
        "Waterconsumption": {
          "type": "integer"
        },
        "GarbageAccumulation": {
          "type": "integer"
        },
        "Noisepollution": {
          "type": "integer"
        },
        "CityOreResourceAmmount": {
          "type": "number"
        },
        "CityOilResourceAmmount": {
          "type": "number"
        },
        "CityCollegegraduation": {
          "type": "number"
        }
      }
    },
    "TechnicalUniversity_Option": {
      "type": "object",
      "properties": {
        "Name": {
          "type": "string"
        },
        "Upkeep": {
          "type": "integer"
        },
        "Electricityconsumption": {
          "type": "integer"
        },
        "Waterconsumption": {
          "type": "integer"
        },
        "GarbageAccumulation": {
          "type": "integer"
        },
        "StudentCapacity": {
          "type": "integer"
        },
        "NoisePollution": {
          "type": "integer"
        },
        "CityIndustrialEfficiency": {
          "type": "number"
        },
        "CityOfficeEfficiency": {
          "type": "number"
        }
      }
    },
    "EarlyDisasterWarningSystem_Option": {
      "type": "object",
      "properties": {
        "Name": {
          "type": "string"
        },
        "Upkeep": {
          "type": "integer"
        },
        "Electricityconsumption": {
          "type": "integer"
        },
        "Waterconsumption": {
          "type": "integer"
        },
        "GarbageAccumulation": {
          "type": "integer"
        },
        "CityDisasterWarningTime": {
          "type": "number"
        },
        "CityDisasterDamageRate": {
          "type": "number"
        }
      }
    },
    "WelfareOffice_Option": {
      "type": "object",
      "properties": {
        "Name": {
          "type": "string"
        },
        "Upkeep": {
          "type": "integer"
        },
        "Electricityconsumption": {
          "type": "integer"
        },
        "Waterconsumption": {
          "type": "integer"
        },
        "GarbageAccumulation": {
          "type": "integer"
        },
        "Range": {
          "type": "integer"
        },
        "Capacity": {
          "type": "integer"
        },
        "Magnitude": {
          "type": "integer"
        },
        "NoisePollution": {
          "type": "integer"
        }
      }
    },
    "CityHall_Option": {
      "type": "object",
      "properties": {
        "Name": {
          "type": "string"
        },
        "Upkeep": {
          "type": "integer"
        },
        "Electricityconsumption": {
          "type": "integer"
        },
        "Waterconsumption": {
          "type": "integer"
        },
        "GarbageAccumulation": {
          "type": "integer"
        },
        "CityLoanIntrest": {
          "type": "number"
        },
        "CityImportCost": {
          "type": "number"
        }
      }
    },
    "LargeEmergencyShelter_Option": {
      "type": "object",
      "properties": {
        "Name": {
          "type": "string"
        },
        "Upkeep": {
          "type": "integer"
        },
        "Electricityconsumption": {
          "type": "integer"
        },
        "Waterconsumption": {
          "type": "integer"
        },
        "GarbageAccumulation": {
          "type": "integer"
        },
        "ShelterCapacity": {
          "type": "integer"
        },
        "VehicleCapacity": {
          "type": "integer"
        },
        "Range": {
          "type": "integer"
        },
        "Capacity": {
          "type": "integer"
        },
        "Magnitude": {
          "type": "integer"
        }
      }
    },
    "CentralBank_Option": {
      "type": "object",
      "properties": {
        "Name": {
          "type": "string"
        },
        "Upkeep": {
          "type": "integer"
        },
        "Electricityconsumption": {
          "type": "integer"
        },
        "Waterconsumption": {
          "type": "integer"
        },
        "GarbageAccumulation": {
          "type": "integer"
        },
        "CityLoanIntrest": {
          "type": "number"
        },
        "CityImportCost": {
          "type": "number"
        },
        "CityExportCost": {
          "type": "number"
        }
      }
    },
    "MedicalUniversity_Option": {
      "type": "object",
      "properties": {
        "Name": {
          "type": "string"
        },
        "Upkeep": {
          "type": "integer"
        },
        "Electricityconsumption": {
          "type": "integer"
        },
        "Waterconsumption": {
          "type": "integer"
        },
        "GarbageAccumulation": {
          "type": "integer"
        },
        "StudentCapacity": {
          "type": "integer"
        },
        "NoisePollution": {
          "type": "integer"
        },
        "CityRecoverFailChange": {
          "type": "number"
        },
        "CityHospitalEfficiency": {
          "type": "number"
        }
      }
    },
    "LargeHadronCollider_Option": {
      "type": "object",
      "properties": {
        "Name": {
          "type": "string"
        },
        "Upkeep": {
          "type": "integer"
        },
        "Electricityconsumption": {
          "type": "integer"
        },
        "Waterconsumption": {
          "type": "integer"
        },
        "GarbageAccumulation": {
          "type": "integer"
        },
        "CityUniversityInterest": {
          "type": "number"
        },
        "CityOfficeSoftwareDemand": {
          "type": "number"
        },
        "CityIndustrialElectronicDemand": {
          "type": "number"
        },
        "CityOfficeSoftwareEfficiency": {
          "type": "number"
        },
        "CityIndustrialElectronicEfficiency": {
          "type": "number"
        }
      }
    }
  }
}